state,year,nominal_gdp,real_gdp
Alabama,1997,105381.4,154700
Alaska,1997,25859.1,41071
Arizona,1997,132694.8,180293.9
Arkansas,1997,59925,87180.3
California,1997,1068048.6,1441226.4
Colorado,1997,136624.4,189445.6
Connecticut,1997,138467,205965.2
Delaware,1997,33302.2,51267
Florida,1997,401744.2,603988.6
Georgia,1997,242371.9,351183.9
Hawaii,1997,37701.7,60620.2
Idaho,1997,29699.5,38816.3
Illinois,1997,416015.1,619325.8
Indiana,1997,170924.6,244848.3
Iowa,1997,82808.8,120232.5
Kansas,1997,74643.2,108792.9
Kentucky,1997,104878.1,155770.4
Louisiana,1997,116423.1,202386.5
Maine,1997,30574.2,46325
Maryland,1997,159167.8,237589.2
Massachusetts,1997,236435.6,322389.9
Michigan,1997,299832.7,423459.8
Minnesota,1997,157345.9,225480.3
Mississippi,1997,58517.2,88384.3
Missouri,1997,163101.1,243724.1
Montana,1997,19301.7,30144.8
Nebraska,1997,49880,73974.1
Nevada,1997,60255,97208.5
New Hampshire,1997,38122.5,51026.6
New Jersey,1997,307140.9,454064.1
New Mexico,1997,52575.6,67993.2
New York,1997,716104.7,1085934.4
North Carolina,1997,234571.9,340580.3
North Dakota,1997,15796.6,22695.3
Ohio,1997,343513.7,501214.2
Oklahoma,1997,79293.7,111864.6
Oregon,1997,101418.2,124840.6
Pennsylvania,1997,357525.6,521711.8
Rhode Island,1997,28963.2,43434.7
South Carolina,1997,97453.8,144972.7
South Dakota,1997,19062.3,27116.2
Tennessee,1997,154861.9,226832.8
Texas,1997,610659.8,860046.9
Utah,1997,57812,86283.5
Vermont,1997,15443.4,21372.2
Virginia,1997,215419.2,319992.6
Washington,1997,193769.5,281522.2
West Virginia,1997,38781.2,60364.6
Wisconsin,1997,153536.2,222978.5
Wyoming,1997,14673,24257.7
Alabama,1998,110838.8,160396.4
Alaska,1998,24387.8,40263.7
Arizona,1998,144393.2,197492.1
Arkansas,1998,62852,89905.3
California,1998,1143672.5,1538612.3
Colorado,1998,149653.7,206449.1
Connecticut,1998,145299.2,212255
Delaware,1998,37170.6,56487
Florida,1998,428595.6,634032.3
Georgia,1998,265146.4,377705.9
Hawaii,1998,37503,58946.1
Idaho,1998,31352.7,40879.3
Illinois,1998,436533.4,639642.7
Indiana,1998,185336.3,260549.9
Iowa,1998,84629.7,121031
Kansas,1998,78242.3,112625.7
Kentucky,1998,110020.1,160810.1
Louisiana,1998,120228.8,209356.6
Maine,1998,32412.8,48138.5
Maryland,1998,169360.1,248662.9
Massachusetts,1998,247686.8,335504.4
Michigan,1998,311088.2,431274.3
Minnesota,1998,167867.4,237724
Mississippi,1998,61332.3,90960.1
Missouri,1998,170122.2,249234
Montana,1998,20414.4,31456.1
Nebraska,1998,51849.9,75750
Nevada,1998,65332.2,102779.4
New Hampshire,1998,40747.7,54954.5
New Jersey,1998,318104,461237.3
New Mexico,1998,50573.1,67718.1
New York,1998,744958.9,1112323.6
North Carolina,1998,246721.8,351977.9
North Dakota,1998,16842.7,23971.3
Ohio,1998,361479.3,518604
Oklahoma,1998,81778.6,114928.1
Oregon,1998,105016.4,130425.1
Pennsylvania,1998,373515,534933.6
Rhode Island,1998,30835.3,45381.3
South Carolina,1998,103688.6,150732.6
South Dakota,1998,20257.8,28772.1
Tennessee,1998,167783,240963.4
Texas,1998,648243.1,920059.6
Utah,1998,62070.1,91312.7
Vermont,1998,16197.7,22266.5
Virginia,1998,232569.9,338931.5
Washington,1998,209222.5,299817
West Virginia,1998,40258.9,61725.7
Wisconsin,1998,163021.5,232087.1
Wyoming,1998,14833.2,24804.7
Alabama,1999,116514.3,166531.8
Alaska,1999,24920.4,39783.1
Arizona,1999,156442.1,214293.9
Arkansas,1999,67279,94756.9
California,1999,1239773.5,1655438.5
Colorado,1999,162411.7,221040.8
Connecticut,1999,152093.7,218860
Delaware,1999,40446.5,60866.2
Florida,1999,457607,664152
Georgia,1999,289048.9,404465.2
Hawaii,1999,38970.4,59612.1
Idaho,1999,34512.8,44821.5
Illinois,1999,459971.6,663857.8
Indiana,1999,193659.9,268864.3
Iowa,1999,87774.3,123683.4
Kansas,1999,81609.7,115486.4
Kentucky,1999,115592.7,165761.9
Louisiana,1999,125667.3,213475.3
Maine,1999,34714.7,50620.3
Maryland,1999,179779.6,258913.4
Massachusetts,1999,262868.8,353837.9
Michigan,1999,337150.2,457637.6
Minnesota,1999,176780.4,247004.7
Mississippi,1999,64276.5,93597.7
Missouri,1999,178215.9,256290.4
Montana,1999,20815.1,31633.4
Nebraska,1999,53714.2,77421.1
Nevada,1999,71825.3,110091
New Hampshire,1999,42292.4,56913.1
New Jersey,1999,334966.4,477827.9
New Mexico,1999,52801.9,71421
New York,1999,794009.5,1172149.8
North Carolina,1999,264924.3,372030.3
North Dakota,1999,17083.7,24069.6
Ohio,1999,375797.2,530745.6
Oklahoma,1999,84785.6,116968.4
Oregon,1999,107513.2,133761.7
Pennsylvania,1999,391136.1,552163.6
Rhode Island,1999,32340,46831.2
South Carolina,1999,110312.9,157645.5
South Dakota,1999,21181.8,30038.3
Tennessee,1999,176467.2,248457.5
Texas,1999,683347.4,957247.2
Utah,1999,65773.4,95206.8
Vermont,1999,17314.8,23561.7
Virginia,1999,250171.3,356391.8
Washington,1999,229678.9,322721.6
West Virginia,1999,41942.2,63691.7
Wisconsin,1999,172928.5,242026
Wyoming,1999,15685.7,25866.8
Alabama,2000,120522.6,168695.3
Alaska,2000,26934,38428.1
Arizona,2000,165735.6,224729.3
Arkansas,2000,69176.3,95509.8
California,2000,1354791.3,1784320.6
Colorado,2000,179303.3,238739.3
Connecticut,2000,165523.4,233874.2
Delaware,2000,43559.6,63388.8
Florida,2000,490094.4,693837.3
Georgia,2000,305323.7,417713.5
Hawaii,2000,41089.4,60745.7
Idaho,2000,38344.1,49793
Illinois,2000,486089.7,687111.4
Indiana,2000,204147.3,278990.4
Iowa,2000,93125.6,129323.4
Kansas,2000,85990.5,118840.9
Kentucky,2000,114549.6,161101
Louisiana,2000,132375.8,206556.1
Maine,2000,37222,52958.5
Maryland,2000,191430.2,269301.2
Massachusetts,2000,287091.4,382599.6
Michigan,2000,351879.5,467654.4
Minnesota,2000,192389.5,263345.6
Mississippi,2000,66051.5,93957
Missouri,2000,187012.8,262665.4
Montana,2000,21935.4,32513.7
Nebraska,2000,56582.7,80268.2
Nevada,2000,77181.5,114810.2
New Hampshire,2000,45604.9,60742.5
New Jersey,2000,360530.4,503901.5
New Mexico,2000,55002.2,72733.8
New York,2000,839853,1217036.4
North Carolina,2000,277556.1,384115.3
North Dakota,2000,18115.1,24990.2
Ohio,2000,391032.3,541005.9
Oklahoma,2000,91645.7,121170.2
Oregon,2000,117057.2,145094.2
Pennsylvania,2000,409330.2,566250.9
Rhode Island,2000,34608.5,49113.6
South Carolina,2000,115332.7,161880.2
South Dakota,2000,22866.7,32124.9
Tennessee,2000,182209.7,251030.2
Texas,2000,742161.5,989904.9
Utah,2000,70056.3,98648.5
Vermont,2000,18492.9,24844.6
Virginia,2000,268608.7,372914.1
Washington,2000,237594,325857.6
West Virginia,2000,42620.7,63364.6
Wisconsin,2000,180883.1,248572
Wyoming,2000,17153.7,26614.2
Alabama,2001,123534.5,168448.3
Alaska,2001,28660.9,40014.4
Arizona,2001,172899.6,230885.6
Arkansas,2001,71099.6,95528.7
California,2001,1373270.8,1784567.7
Colorado,2001,185848.9,242650.1
Connecticut,2001,171124.4,236338.1
Delaware,2001,46373.8,65724.8
Florida,2001,519140.7,714638
Georgia,2001,316872.7,422731.6
Hawaii,2001,42500.2,60446.4
Idaho,2001,37740.9,48695.4
Illinois,2001,499618.4,688404.3
Indiana,2001,205325.1,273884.4
Iowa,2001,94922.6,128077.5
Kansas,2001,88869.7,119474.1
Kentucky,2001,117767.9,161316.4
Louisiana,2001,138204.3,210534.7
Maine,2001,38925.7,54066.2
Maryland,2001,205276,281053.6
Massachusetts,2001,294876.4,388180.8
Michigan,2001,349127.5,453301.5
Minnesota,2001,196869.4,263518.7
Mississippi,2001,67750.2,93515.5
Missouri,2001,190388.7,260381.1
Montana,2001,22798,32689.6
Nebraska,2001,59634.3,82268.1
Nevada,2001,80968.6,116267.3
New Hampshire,2001,47037.3,61719.4
New Jersey,2001,372819.2,509631.5
New Mexico,2001,55660.2,72996.4
New York,2001,876285.2,1240755.2
North Carolina,2001,287317.1,387433.9
North Dakota,2001,18976.9,25329.8
Ohio,2001,395864.2,534612.4
Oklahoma,2001,97505.3,125695.7
Oregon,2001,117002.4,144486.5
Pennsylvania,2001,428463.7,577677.5
Rhode Island,2001,35940.1,49705.2
South Carolina,2001,119355.2,162837.1
South Dakota,2001,23626.9,32396.9
Tennessee,2001,185917.2,250311.4
Texas,2001,780206.2,1020517
Utah,2001,73042.5,100244.3
Vermont,2001,19467.1,25681.8
Virginia,2001,285663.4,386444.7
Washington,2001,237978.2,317860.6
West Virginia,2001,44105.1,63599.8
Wisconsin,2001,188662.8,252941.8
Wyoming,2001,18741.7,28338.1
Alabama,2002,128380.9,172430.4
Alaska,2002,29884.5,41904.7
Arizona,2002,180844.5,238257.1
Arkansas,2002,74453.1,98556.6
California,2002,1419321.8,1821509.5
Colorado,2002,189604.6,243701.9
Connecticut,2002,172929.7,234307.3
Delaware,2002,45865.4,63702.5
Florida,2002,553359.9,746252.8
Georgia,2002,326017.9,427329.7
Hawaii,2002,44949.5,62355.2
Idaho,2002,38990.7,49840.5
Illinois,2002,511485.9,692398.1
Indiana,2002,213419.6,280723
Iowa,2002,98669.4,131035.2
Kansas,2002,91359,121050.5
Kentucky,2002,122731.2,165435.3
Louisiana,2002,140082.8,214856.1
Maine,2002,40664.1,55406.5
Maryland,2002,217001.4,290400.3
Massachusetts,2002,299915.8,388451.6
Michigan,2002,363372.1,465788.4
Minnesota,2002,204061.1,268982.8
Mississippi,2002,69704.9,94561.5
Missouri,2002,197399,264997.7
Montana,2002,23886,33663.8
Nebraska,2002,61569.5,83433.2
Nevada,2002,85541,120180.1
New Hampshire,2002,49109.6,63474.2
New Jersey,2002,385045.6,517752.2
New Mexico,2002,57718.3,75345.9
New York,2002,885386.2,1228580.8
North Carolina,2002,297653,393685.9
North Dakota,2002,20195.6,26592.1
Ohio,2002,411191.1,546688.2
Oklahoma,2002,99916.9,127930.2
Oregon,2002,120556.1,147432.8
Pennsylvania,2002,440887.5,583507.4
Rhode Island,2002,37891.2,51284.3
South Carolina,2002,124765.2,167333
South Dakota,2002,26343.5,35776
Tennessee,2002,195386.1,258542.4
Texas,2002,796357.3,1042584.4
Utah,2002,76289.4,102828.1
Vermont,2002,20383.5,26522.8
Virginia,2002,294929.1,390242.4
Washington,2002,245629.8,321977.1
West Virginia,2002,45627.4,64465.7
Wisconsin,2002,195541.5,257966.9
Wyoming,2002,19160.8,28901.3
Alabama,2003,135212.6,178040
Alaska,2003,32115.8,41235
Arizona,2003,194318,253743.1
Arkansas,2003,79009.7,102948
California,2003,1498578,1895287.6
Colorado,2003,195137.6,246017.4
Connecticut,2003,177814.8,236719.1
Delaware,2003,47839.6,64316.8
Florida,2003,590284.8,781834.2
Georgia,2003,339540.5,439074.6
Hawaii,2003,48420.7,65623.7
Idaho,2003,40778.6,51542.6
Illinois,2003,528577,703548.8
Indiana,2003,225349.3,293045.2
Iowa,2003,105329.7,137476.9
Kansas,2003,95236.3,123486.7
Kentucky,2003,128289.6,170481.9
Louisiana,2003,155198.7,223576
Maine,2003,42493.4,56882.4
Maryland,2003,226803.4,297690.6
Massachusetts,2003,309736.1,397069.9
Michigan,2003,376123.8,477085.4
Minnesota,2003,215975.1,280796.9
Mississippi,2003,74418.4,98762.1
Missouri,2003,206005.2,271970.5
Montana,2003,25781.1,35249.5
Nebraska,2003,66471.7,88310.7
Nevada,2003,91365,125905.4
New Hampshire,2003,51609.7,66119.4
New Jersey,2003,399996.5,529815.9
New Mexico,2003,62867.9,78766.8
New York,2003,908535.2,1236563.1
North Carolina,2003,310200.3,404582.5
North Dakota,2003,22129.9,28326.7
Ohio,2003,425530.7,557024.5
Oklahoma,2003,106175.1,130147.8
Oregon,2003,126822.1,154445.3
Pennsylvania,2003,460478.3,598809.5
Rhode Island,2003,39787.1,52933.1
South Carolina,2003,131509.1,174270.8
South Dakota,2003,27305,36141.9
Tennessee,2003,204665.9,267589.4
Texas,2003,840860.8,1052132.3
Utah,2003,79504.7,104829.2
Vermont,2003,21398.5,27548.1
Virginia,2003,311093.1,404522.2
Washington,2003,254720.2,327645.2
West Virginia,2003,47230.4,65106.8
Wisconsin,2003,203814,265745.8
Wyoming,2003,21199,29806.6
Alabama,2004,148379.1,189913.7
Alaska,2004,35389.5,42880.1
Arizona,2004,207246.3,264990
Arkansas,2004,85928.6,108581.8
California,2004,1585081.4,1956745.5
Colorado,2004,203743.3,250069.3
Connecticut,2004,194722.9,252680.8
Delaware,2004,51674.1,67735.5
Florida,2004,647041.8,833946.8
Georgia,2004,364530.1,461245.4
Hawaii,2004,52625.7,69332
Idaho,2004,44732.9,55137.1
Illinois,2004,560079.8,726139
Indiana,2004,239278.5,303819.8
Iowa,2004,117149.8,149063.2
Kansas,2004,98913.7,124793.2
Kentucky,2004,135694.5,175344.6
Louisiana,2004,170999.6,234620.8
Maine,2004,45233.1,58934.8
Maryland,2004,243449.8,311504.8
Massachusetts,2004,324919,407886
Michigan,2004,388764.6,485082.7
Minnesota,2004,231949.4,293753.9
Mississippi,2004,78680.1,101369.5
Missouri,2004,216977.5,279128.2
Montana,2004,28138.8,36949.9
Nebraska,2004,70445.4,90607.6
Nevada,2004,104132,139373
New Hampshire,2004,54545.7,68428.1
New Jersey,2004,415490.8,536174
New Mexico,2004,70593.4,85751
New York,2004,958565.3,1269433.1
North Carolina,2004,329017.7,420579.4
North Dakota,2004,23209.6,28636.2
Ohio,2004,447813.3,572308.5
Oklahoma,2004,114237.5,134606.6
Oregon,2004,136495.9,163046.1
Pennsylvania,2004,486384.5,614957.1
Rhode Island,2004,42578.2,55160.5
South Carolina,2004,136679.9,177169.4
South Dakota,2004,29380.9,37616.6
Tennessee,2004,219862.4,281564.2
Texas,2004,921230.7,1111189.1
Utah,2004,86766.7,111318.9
Vermont,2004,22986.3,28989.2
Virginia,2004,331815.8,421744.4
Washington,2004,267423.9,335449.3
West Virginia,2004,49865.9,66077.6
Wisconsin,2004,216370.4,275412.4
Wyoming,2004,23418.1,30780.1
Alabama,2005,158677.3,197246.5
Alaska,2005,40459.9,44406.8
Arizona,2005,227997.8,283806.2
Arkansas,2005,91133.4,112451.1
California,2005,1698858.4,2042141
Colorado,2005,220803.8,261992.9
Connecticut,2005,204504.6,258203.7
Delaware,2005,52048.6,66381.2
Florida,2005,704890.3,883164.5
Georgia,2005,388707.2,480838.3
Hawaii,2005,57211.8,72941.9
Idaho,2005,48805.1,59331.9
Illinois,2005,589153.7,741248.6
Indiana,2005,247428.3,306344.6
Iowa,2005,122866.1,153626.8
Kansas,2005,105343.9,129588.2
Kentucky,2005,144914.9,182017.9
Louisiana,2005,199314.2,249560.9
Maine,2005,47028.1,59589.7
Maryland,2005,261795.3,325644.5
Massachusetts,2005,340637.8,417075.6
Michigan,2005,402828.8,493796.3
Minnesota,2005,244635.4,301761.2
Mississippi,2005,82991.6,103691.8
Missouri,2005,227594.6,285341.7
Montana,2005,30823.7,38849
Nebraska,2005,74886.7,94556
Nevada,2005,117165.1,150680.9
New Hampshire,2005,56914.6,69556.1
New Jersey,2005,436064.4,546357.8
New Mexico,2005,74130.9,86295.9
New York,2005,1009851,1301438
North Carolina,2005,354798.5,442305.6
North Dakota,2005,24572,29629
Ohio,2005,470179.5,584867.7
Oklahoma,2005,125961.4,140360.1
Oregon,2005,143556.3,168734.4
Pennsylvania,2005,510763.9,626290.1
Rhode Island,2005,44413.3,55885.9
South Carolina,2005,145195.8,183267.5
South Dakota,2005,31104.3,39330.6
Tennessee,2005,231339,289064.3
Texas,2005,1003745.9,1143413.1
Utah,2005,95512,118430.2
Vermont,2005,23763,29283.2
Virginia,2005,357427,442089.5
Washington,2005,293402,358396.3
West Virginia,2005,53814.3,67888.8
Wisconsin,2005,226937.5,282065.7
Wyoming,2005,27530.2,32463.1
Alabama,2006,166048.2,199923.9
Alaska,2006,44951.7,47546.2
Arizona,2006,246061.1,296424.4
Arkansas,2006,96073.7,114890.4
California,2006,1812161.6,2120435.4
Colorado,2006,232853.6,268190.8
Connecticut,2006,219812.2,269478.6
Delaware,2006,55567.7,68411.8
Florida,2006,749925,909298.9
Georgia,2006,405664.2,487524.9
Hawaii,2006,60848,74892.9
Idaho,2006,51099,60738.6
Illinois,2006,624068.1,759825.7
Indiana,2006,259030.3,312525.5
Iowa,2006,127670.8,155704.5
Kansas,2006,113831.8,136135.8
Kentucky,2006,153009.8,186332.6
Louisiana,2006,207249.8,247139.7
Maine,2006,48889.3,59986
Maryland,2006,273791,329874
Massachusetts,2006,358418.3,426926.1
Michigan,2006,402537.3,483763.6
Minnesota,2006,252357.6,302272.7
Mississippi,2006,87596.7,105879.9
Missouri,2006,235816.9,286558.3
Montana,2006,33088,40055
Nebraska,2006,79287.5,97322.8
Nevada,2006,126613.4,156297.9
New Hampshire,2006,60152.7,71424.5
New Jersey,2006,457681.5,555211
New Mexico,2006,78008.2,88554.5
New York,2006,1072271.8,1339568.5
North Carolina,2006,388012.1,470663.9
North Dakota,2006,26406.5,30911.4
Ohio,2006,482904,582637.6
Oklahoma,2006,138352.3,149367.1
Oregon,2006,153779.6,177222.4
Pennsylvania,2006,528771.2,626589.9
Rhode Island,2006,47165.3,57415.8
South Carolina,2006,153453.4,187386.1
South Dakota,2006,32559.3,39961.6
Tennessee,2006,243104.4,295668.2
Texas,2006,1108236.5,1225147.3
Utah,2006,106787.1,127539.4
Vermont,2006,24507.1,29420.9
Virginia,2006,376429.4,451263.1
Washington,2006,314190.8,372145
West Virginia,2006,57204.1,68900
Wisconsin,2006,237571.9,287146.6
Wyoming,2006,32692.2,36655.6
Alabama,2007,172247,202025.5
Alaska,2007,49456.4,50126.7
Arizona,2007,261152.8,306611.6
Arkansas,2007,98325,114026.7
California,2007,1900220.4,2168940.4
Colorado,2007,248571.6,278733.8
Connecticut,2007,232626.8,278485.4
Delaware,2007,56705.6,68132.4
Florida,2007,781947.3,922288.3
Georgia,2007,419384.8,492238.7
Hawaii,2007,64106,76434.1
Idaho,2007,53712.4,61812.1
Illinois,2007,649307.4,769571.6
Indiana,2007,273340.8,322661.7
Iowa,2007,137590.2,162838.1
Kansas,2007,123608.9,143586.6
Kentucky,2007,156900,185790
Louisiana,2007,203771.3,234216.4
Maine,2007,50291.3,60032.6
Maryland,2007,282618.2,331763.5
Massachusetts,2007,377985.6,440373.8
Michigan,2007,410613,482935.1
Minnesota,2007,261250.7,304208
Mississippi,2007,91876.5,107713.9
Missouri,2007,244085.3,288320.8
Montana,2007,36116.1,42057.7
Nebraska,2007,84291.9,99780.7
Nevada,2007,132045.4,157734.3
New Hampshire,2007,61984.8,71943.5
New Jersey,2007,474539.6,560823.8
New Mexico,2007,81100.3,89392.3
New York,2007,1116265.3,1353798.9
North Carolina,2007,402188.3,477920.8
North Dakota,2007,29044.6,32529
Ohio,2007,497600.1,585403
Oklahoma,2007,146582.4,152879.6
Oregon,2007,159676.2,180724.3
Pennsylvania,2007,563238.6,649638.1
Rhode Island,2007,47490.1,56230.5
South Carolina,2007,162476.3,193386.6
South Dakota,2007,35282.6,41646.2
Tennessee,2007,248261.6,294819.8
Texas,2007,1198565,1288828.7
Utah,2007,115180.7,133799.8
Vermont,2007,25025.2,29296.6
Virginia,2007,391595.5,457568.9
Washington,2007,341712.3,394221.9
West Virginia,2007,59480.4,69374.1
Wisconsin,2007,245837.7,289855.2
Wyoming,2007,36912.8,39504.8
Alabama,2008,174665.6,200967.4
Alaska,2008,55246.7,49926.6
Arizona,2008,261005.8,302277.9
Arkansas,2008,100206.7,113628
California,2008,1946241.5,2192331.8
Colorado,2008,257606.1,281803.3
Connecticut,2008,236110.7,277793.2
Delaware,2008,55250.8,65771.3
Florida,2008,767357.8,891766.9
Georgia,2008,416303.5,481860.3
Hawaii,2008,65545.5,76830.2
Idaho,2008,56203.6,63878.2
Illinois,2008,649677.3,759095.3
Indiana,2008,277774.5,322384.3
Iowa,2008,137749.2,160469.1
Kansas,2008,129223.2,147265
Kentucky,2008,160700.2,186515.9
Louisiana,2008,213803.5,237061.6
Maine,2008,51001.9,59845.1
Maryland,2008,292908.3,338165.4
Massachusetts,2008,387923.4,447526.8
Michigan,2008,391633.6,455256.7
Minnesota,2008,268771.5,309290.4
Mississippi,2008,95179.3,109434
Missouri,2008,256431.1,297881.8
Montana,2008,37028,42049.3
Nebraska,2008,86146.6,99860.1
Nevada,2008,130570.9,152745.6
New Hampshire,2008,62095.3,71195.6
New Jersey,2008,493289.4,573202.7
New Mexico,2008,84339.7,89012.9
New York,2008,1107860.2,1328095.7
North Carolina,2008,420707.2,492688.8
North Dakota,2008,32027.7,35030.4
Ohio,2008,500916.4,580389
Oklahoma,2008,161609,158987.8
Oregon,2008,164122.9,184842.6
Pennsylvania,2008,586886.6,665148.3
Rhode Island,2008,47138.9,54977.1
South Carolina,2008,164471.2,192497.1
South Dakota,2008,36939.3,43278.5
Tennessee,2008,255546.7,298526.9
Texas,2008,1253142,1287191.5
Utah,2008,116949.2,133662.9
Vermont,2008,26140.4,30168.6
Virginia,2008,402157.8,462034.7
Washington,2008,352460.7,401093.2
West Virginia,2008,62978.7,70966.8
Wisconsin,2008,246493,286204.7
Wyoming,2008,42694.6,41641.2
Alabama,2009,170876.5,194192.1
Alaska,2009,50165.9,54951.9
Arizona,2009,244862.2,277412.4
Arkansas,2009,97783.9,109833.1
California,2009,1879809.5,2110679.4
Colorado,2009,249817.1,275659.1
Connecticut,2009,231628,265530.8
Delaware,2009,57729.9,69186.2
Florida,2009,739322.4,840480.6
Georgia,2009,409876.2,464016.8
Hawaii,2009,64464.3,74118.5
Idaho,2009,54507.9,61276.1
Illinois,2009,645843.2,740794.3
Indiana,2009,264925,299789
Iowa,2009,137094.3,156737.2
Kansas,2009,126049.7,141902.5
Kentucky,2009,157440.1,178112.8
Louisiana,2009,206111.5,241868.8
Maine,2009,51451.2,58771.8
Maryland,2009,298282.8,336285.8
Massachusetts,2009,388963.9,441307.6
Michigan,2009,371707,416297.1
Minnesota,2009,262628.8,296875.2
Mississippi,2009,92378,105360
Missouri,2009,254306.2,289566.8
Montana,2009,35880,40938.4
Nebraska,2009,87325.5,99986.4
Nevada,2009,122471.2,140304.3
New Hampshire,2009,63052.2,70498.6
New Jersey,2009,481452.7,546362.2
New Mexico,2009,82641.3,90829.2
New York,2009,1155492.3,1379504.6
North Carolina,2009,413096.8,473610.5
North Dakota,2009,32310.4,35971.3
Ohio,2009,484407.1,550982.4
Oklahoma,2009,147332.4,156856.8
Oregon,2009,159330.4,176951.6
Pennsylvania,2009,581219.9,645206.7
Rhode Island,2009,47647.2,54481.5
South Carolina,2009,162380.4,184081.3
South Dakota,2009,36732.1,44255.8
Tennessee,2009,252940.7,287308.8
Texas,2009,1179168.1,1285560.2
Utah,2009,113834.8,130958.6
Vermont,2009,26220,29565.7
Virginia,2009,409935.3,460075.3
Washington,2009,349945.4,390814
West Virginia,2009,64040.1,70886.5
Wisconsin,2009,246323.8,277279.4
Wyoming,2009,36282.2,40599.6
Alabama,2010,177510.7,199455
Alaska,2010,53654,53652
Arizona,2010,250527,282252.5
Arkansas,2010,101699.3,113000.9
California,2010,1938603.3,2153852.8
Colorado,2010,256771.8,279385.6
Connecticut,2010,234022.2,266773.4
Delaware,2010,58132.2,68291.9
Florida,2010,752998.4,851956.4
Georgia,2010,419013.1,471588.2
Hawaii,2010,66739.3,76130.2
Idaho,2010,56086.2,62626.4
Illinois,2010,663929,755391.4
Indiana,2010,284685.8,320731.8
Iowa,2010,142497.7,161593.1
Kansas,2010,129235.7,143870.1
Kentucky,2010,166656.3,186720.6
Louisiana,2010,226555.6,253466.9
Maine,2010,52802.5,59958.5
Maryland,2010,313930.5,352622.9
Massachusetts,2010,409270,462330.8
Michigan,2010,393179.6,441271.5
Minnesota,2010,274649.2,308091.9
Mississippi,2010,94788.3,106711.8
Missouri,2010,262013.4,295986.4
Montana,2010,38080.3,42469.8
Nebraska,2010,91940.7,103940.8
Nevada,2010,125149,142614.2
New Hampshire,2010,65310.8,72950.4
New Jersey,2010,491229,554764.4
New Mexico,2010,84862.6,90721
New York,2010,1217748,1431624
North Carolina,2010,422282.2,482030.4
North Dakota,2010,35651.8,38697.4
Ohio,2010,500274.2,563816.3
Oklahoma,2010,155267.5,158086.4
Oregon,2010,163150.5,180738.2
Pennsylvania,2010,604629.6,666805.8
Rhode Island,2010,49409.1,56050.6
South Carolina,2010,166767.4,188777.2
South Dakota,2010,38208.2,44810.7
Tennessee,2010,258657.6,292687
Texas,2010,1255660.8,1323059.1
Utah,2010,118296.3,133739.1
Vermont,2010,27478.3,30890.6
Virginia,2010,425490.8,475699.3
Washington,2010,363544.2,403471.3
West Virginia,2010,66160.4,71823.8
Wisconsin,2010,256159.5,287652.9
Wyoming,2010,37567.5,39135.8
Alabama,2011,182896.7,201372.8
Alaska,2011,56912.3,54045.5
Arizona,2011,261691.4,290411.3
Arkansas,2011,105697.6,115241.8
California,2011,2014050.3,2192887.2
Colorado,2011,266114.1,283963.8
Connecticut,2011,233058.7,261555.8
Delaware,2011,61379.4,71103.5
Florida,2011,761043.1,849395.3
Georgia,2011,433137.1,481215.4
Hawaii,2011,68801.1,77174.2
Idaho,2011,57418.2,62704
Illinois,2011,691805.5,772225.6
Indiana,2011,292373.8,321532.8
Iowa,2011,149026.1,164559.3
Kansas,2011,136747.1,147836.8
Kentucky,2011,171238.1,188389.8
Louisiana,2011,230518.7,241235.9
Maine,2011,53104.5,59429.7
Maryland,2011,324920.9,360155.9
Massachusetts,2011,423684.9,472664.3
Michigan,2011,408354.1,453989.1
Minnesota,2011,287070.8,315213.3
Mississippi,2011,96799.1,106491.1
Missouri,2011,263330,292984.2
Montana,2011,40592.3,43532.2
Nebraska,2011,100526.5,109734.2
Nevada,2011,128638.4,144341.2
New Hampshire,2011,66557.3,73465
New Jersey,2011,494292.8,548479.3
New Mexico,2011,87056,90552.3
New York,2011,1245769.4,1440346.8
North Carolina,2011,430040.1,484200.3
North Dakota,2011,41602.1,43300.4
Ohio,2011,525456.4,580251.4
Oklahoma,2011,167207.9,163859.3
Oregon,2011,169693.8,185959.4
Pennsylvania,2011,623767.9,676468.3
Rhode Island,2011,50123.7,56026.6
South Carolina,2011,172844.7,193221
South Dakota,2011,42082.7,47630.3
Tennessee,2011,270055,301508.9
Texas,2011,1351776.9,1370174.9
Utah,2011,125137.8,138301.1
Vermont,2011,28558.5,31663.6
Virginia,2011,433683.7,479571.4
Washington,2011,377518.8,411575.7
West Virginia,2011,69367.6,73175.2
Wisconsin,2011,265444,293664
Wyoming,2011,39615.1,38929.8
Alabama,2012,188280.7,203675.5
Alaska,2012,58320.7,57087.4
Arizona,2012,272703.3,297077.3
Arkansas,2012,108836,116616.2
California,2012,2108873.1,2255437.3
Colorado,2012,274738.8,289339.5
Connecticut,2012,239907.5,263649.9
Delaware,2012,62342.1,70562.4
Florida,2012,784545.9,857861.3
Georgia,2012,449375.6,489027.3
Hawaii,2012,71645.6,78694
Idaho,2012,57933.7,62007.3
Illinois,2012,725478,790723.3
Indiana,2012,301277.4,323876.2
Iowa,2012,158553.1,170923.7
Kansas,2012,141812.1,150077.1
Kentucky,2012,178370.6,192060.1
Louisiana,2012,235960.9,242416.8
Maine,2012,54018.5,59181.7
Maryland,2012,331869,361561.8
Massachusetts,2012,441373.9,483286.3
Michigan,2012,426141.1,463302.6
Minnesota,2012,298641.4,321053.9
Mississippi,2012,100905.4,108646.5
Missouri,2012,272482.4,296514.3
Montana,2012,42150.2,44329.1
Nebraska,2012,102949.7,109686.3
Nevada,2012,130238.2,142986.1
New Hampshire,2012,68412,74082.8
New Jersey,2012,516098.2,560729.7
New Mexico,2012,87681,90762.4
New York,2012,1324471.3,1496280.1
North Carolina,2012,444063.2,488126.5
North Dakota,2012,52079.1,53326.8
Ohio,2012,543035.4,586540.9
Oklahoma,2012,175361.2,172016
Oregon,2012,173856.8,187352.4
Pennsylvania,2012,646434.3,689007
Rhode Island,2012,51527.5,56487.4
South Carolina,2012,178503.9,195406.1
South Dakota,2012,44127.3,48653.9
Tennessee,2012,285897.5,311754.2
Texas,2012,1429588,1438354.4
Utah,2012,129431.4,140622.5
Vermont,2012,29325.6,31898.1
Virginia,2012,445008.5,483041.4
Washington,2012,398358.5,426447
West Virginia,2012,70303.1,73124.5
Wisconsin,2012,276253.4,299007.6
Wyoming,2012,38679.3,38085
Alabama,2013,193981.5,206962.9
Alaska,2013,57533,54627.6
Arizona,2013,278679.5,298859.9
Arkansas,2013,114021.1,119842.8
California,2013,2223300.9,2340335.3
Colorado,2013,291265.3,301484.1
Connecticut,2013,240549.2,258911
Delaware,2013,62058.2,68656.8
Florida,2013,819679.8,880183.5
Georgia,2013,467559.5,499900.2
Hawaii,2013,74598.5,80534.9
Idaho,2013,61712.6,64769.8
Illinois,2013,742890.9,795435.2
Indiana,2013,313466.9,333207.4
Iowa,2013,162415,171069.1
Kansas,2013,144999.3,150702.9
Kentucky,2013,184920.6,196698
Louisiana,2013,231652.7,236482.3
Maine,2013,54924.8,59013.9
Maryland,2013,339895.8,364633.2
Massachusetts,2013,452580.4,486991.8
Michigan,2013,441470.8,472779.9
Minnesota,2013,311752.1,329774.5
Mississippi,2013,103042.6,109032.7
Missouri,2013,282659.7,302025.7
Montana,2013,43584,45114.7
Nebraska,2013,107247,111382.2
Nevada,2013,133592.5,144549.3
New Hampshire,2013,70897.4,75503.4
New Jersey,2013,534212.1,570952.4
New Mexico,2013,88773.3,90104
New York,2013,1364632.9,1501818
North Carolina,2013,460946.4,497456.6
North Dakota,2013,54877,54690.9
Ohio,2013,566419.9,603057.4
Oklahoma,2013,184104.6,176086.8
Oregon,2013,178975.4,189609.7
Pennsylvania,2013,670767.4,704195
Rhode Island,2013,52994.2,57037.2
South Carolina,2013,186268.3,200147.3
South Dakota,2013,45498.6,48610.1
Tennessee,2013,296756.3,318347.9
Texas,2013,1526781.9,1511806.5
Utah,2013,135344.3,145026.9
Vermont,2013,29477.6,31494.6
Virginia,2013,456911.6,488741.3
Washington,2013,416924.1,439472.2
West Virginia,2013,71758.6,73949
Wisconsin,2013,283791.4,301550.5
Wyoming,2013,39365.6,38408.7
Alabama,2014,197064.4,206070
Alaska,2014,56587.4,53303.3
Arizona,2014,286676,301721.2
Arkansas,2014,117388.7,121409.4
California,2014,2342218.8,2428675.7
Colorado,2014,309223.9,315399
Connecticut,2014,247114.7,260605.8
Delaware,2014,68606,73961.7
Florida,2014,860112.6,905648.5
Georgia,2014,493370.3,517511.9
Hawaii,2014,77043,81304.9
Idaho,2014,64501.7,66784.9
Illinois,2014,772291.7,811490.1
Indiana,2014,329360.9,343827.8
Iowa,2014,173734.2,180309.9
Kansas,2014,150276.1,154110.1
Kentucky,2014,188326.4,196795.8
Louisiana,2014,240965,243042.9
Maine,2014,56537.4,59589.8
Maryland,2014,351743.1,370343.9
Massachusetts,2014,469824.9,496250.9
Michigan,2014,456123.5,479534.9
Minnesota,2014,324701.5,338623.9
Mississippi,2014,105219.5,109299.6
Missouri,2014,289340.7,303617.8
Montana,2014,45203.8,46166.7
Nebraska,2014,112763.3,115651.9
Nevada,2014,136918.4,145303.6
New Hampshire,2014,73455.1,76836.2
New Jersey,2014,543824.1,570696.4
New Mexico,2014,92523.4,92621.1
New York,2014,1434606.3,1535375.9
North Carolina,2014,482295.7,509782.4
North Dakota,2014,61108.3,60193
Ohio,2014,597152.3,624973.4
Oklahoma,2014,197074.1,186574.4
Oregon,2014,187837.6,195808.2
Pennsylvania,2014,695546.6,718691.6
Rhode Island,2014,54612.5,57602.7
South Carolina,2014,195744.4,206077.9
South Dakota,2014,47159.9,49640.9
Tennessee,2014,307448.5,323879.6
Texas,2014,1592177.6,1559636.1
Utah,2014,142627.7,150076.3
Vermont,2014,30359.4,31847.7
Virginia,2014,465601.7,488918.6
Washington,2014,439851.2,456186.5
West Virginia,2014,73042.6,74111.3
Wisconsin,2014,296169.9,309425.8
Wyoming,2014,40573.9,39287.2
Alabama,2015,203113.3,208950.3
Alaska,2015,51574.2,53681.1
Arizona,2015,298942.2,308582.8
Arkansas,2015,118573.6,121532.5
California,2015,2487156.4,2545979.5
Colorado,2015,320895.9,330526.1
Connecticut,2015,260648.5,268869.8
Delaware,2015,72352.5,76211.2
Florida,2015,918464.3,945929
Georgia,2015,525516.8,540108.5
Hawaii,2015,81410.2,83857.6
Idaho,2015,66064.9,67790.5
Illinois,2015,802592,825424.9
Indiana,2015,333163.8,341205.2
Iowa,2015,181471.7,185989.2
Kansas,2015,155699,158602.6
Kentucky,2015,194621.2,199487.1
Louisiana,2015,234324.2,239584.1
Maine,2015,58755.8,60563
Maryland,2015,367314.1,378745.9
Massachusetts,2015,497767,514398.7
Michigan,2015,479222.7,490618.7
Minnesota,2015,336762,345456.2
Mississippi,2015,106623.9,109401.7
Missouri,2015,299597.7,308009.9
Montana,2015,46542.4,47765.6
Nebraska,2015,117402.3,119640.8
Nevada,2015,145786.8,151055.9
New Hampshire,2015,77385.8,79319.3
New Jersey,2015,565807.7,581414.9
New Mexico,2015,90779.4,93503.9
New York,2015,1498474.7,1565835.2
North Carolina,2015,508672.4,525229.1
North Dakota,2015,56952.2,58694.5
Ohio,2015,615275.5,633274.8
Oklahoma,2015,187364.7,193792.6
Oregon,2015,200592.6,205581.8
Pennsylvania,2015,716534.3,734145.1
Rhode Island,2015,56604,58387.9
South Carolina,2015,207510,213212.4
South Dakota,2015,48678.9,50860.8
Tennessee,2015,326382.5,335461.1
Texas,2015,1585985.9,1634127.1
Utah,2015,149762.1,155431.5
Vermont,2015,31152.4,32042.9
Virginia,2015,485540.9,498943.6
Washington,2015,467590.6,476715.4
West Virginia,2015,71713.4,74261.4
Wisconsin,2015,308304.5,315687.8
Wyoming,2015,38624.8,40063.9
Alabama,2016,208824.3,212862.8
Alaska,2016,51121.8,53463.9
Arizona,2016,313787.1,319008.4
Arkansas,2016,120987.4,123034.9
California,2016,2586485.2,2623711.7
Colorado,2016,330565.9,337685.2
Connecticut,2016,264760.4,268196.2
Delaware,2016,70021.5,71941.4
Florida,2016,964500.8,978989.7
Georgia,2016,554903.2,561718.3
Hawaii,2016,84287.2,85670.4
Idaho,2016,69185.2,70442.5
Illinois,2016,813561.6,826404.7
Indiana,2016,342716.6,348439.2
Iowa,2016,183834.8,186729.9
Kansas,2016,162144.5,164643.7
Kentucky,2016,197944.8,201007.2
Louisiana,2016,227440.3,235554.2
Maine,2016,61092.2,62037.1
Maryland,2016,386496.4,391950.9
Massachusetts,2016,514108,521662.8
Michigan,2016,494752.5,500159.5
Minnesota,2016,345248.8,350603.6
Mississippi,2016,107795.4,109911
Missouri,2016,304143.3,308423.3
Montana,2016,45859.4,47189.6
Nebraska,2016,119389.8,121303.1
Nevada,2016,153318,156007.4
New Hampshire,2016,79759.7,80736.1
New Jersey,2016,578651.4,587049.7
New Mexico,2016,90476,93043.5
New York,2016,1556830,1590567.8
North Carolina,2016,528284.3,536308.5
North Dakota,2016,52666.3,54756
Ohio,2016,627294.7,638157.5
Oklahoma,2016,182238.8,190093.5
Oregon,2016,211782.4,214769.3
Pennsylvania,2016,733165.9,744847.1
Rhode Island,2016,57714.6,58630
South Carolina,2016,217555.5,220559.3
South Dakota,2016,49842.6,51264.3
Tennessee,2016,339350.2,343544.9
Texas,2016,1582981.5,1633863.3
Utah,2016,159330.6,162528.2
Vermont,2016,31840.2,32312.7
Virginia,2016,499032.4,505107.7
Washington,2016,489790.2,495724.9
West Virginia,2016,71248.9,73513.3
Wisconsin,2016,315420,319272.3
Wyoming,2016,36105.9,37853.5
Alabama,2017,216615.5,216615.5
Alaska,2017,53550.9,53550.9
Arizona,2017,333099,333099
Arkansas,2017,123882.6,123882.6
California,2017,2740550.3,2740550.3
Colorado,2017,350209.1,350209.1
Connecticut,2017,273875.1,273875.1
Delaware,2017,69555.6,69555.6
Florida,2017,1014866.9,1014866.9
Georgia,2017,583543.3,583543.3
Hawaii,2017,87436.4,87436.4
Idaho,2017,72935.1,72935.1
Illinois,2017,832826.8,832826.8
Indiana,2017,357535.8,357535.8
Iowa,2017,187125,187125
Kansas,2017,166273.6,166273.6
Kentucky,2017,203564,203564
Louisiana,2017,239830.7,239830.7
Maine,2017,63000.6,63000.6
Maryland,2017,399714.5,399714.5
Massachusetts,2017,530129.4,530129.4
Michigan,2017,505101.5,505101.5
Minnesota,2017,354721.9,354721.9
Mississippi,2017,110281.4,110281.4
Missouri,2017,311273.8,311273.8
Montana,2017,48470.5,48470.5
Nebraska,2017,123219.9,123219.9
Nevada,2017,163199.1,163199.1
New Hampshire,2017,81179.6,81179.6
New Jersey,2017,590086.7,590086.7
New Mexico,2017,93210.1,93210.1
New York,2017,1624800.7,1624800.7
North Carolina,2017,546810.1,546810.1
North Dakota,2017,56530.2,56530.2
Ohio,2017,652187.5,652187.5
Oklahoma,2017,192538.6,192538.6
Oregon,2017,225534.5,225534.5
Pennsylvania,2017,754318,754318
Rhode Island,2017,58771.6,58771.6
South Carolina,2017,224937.6,224937.6
South Dakota,2017,51615.1,51615.1
Tennessee,2017,355417.5,355417.5
Texas,2017,1667313,1667313
Utah,2017,172075,172075
Vermont,2017,32589.2,32589.2
Virginia,2017,515167.2,515167.2
Washington,2017,527169.4,527169.4
West Virginia,2017,75172.4,75172.4
Wisconsin,2017,321886.8,321886.8
Wyoming,2017,37620.3,37620.3
Alabama,2018,226263.8,220808.8
Alaska,2018,54762,52479.6
Arizona,2018,353671,346398.3
Arkansas,2018,129213.8,126371.2
California,2018,2899530.9,2850970.3
Colorado,2018,373923.1,365204.5
Connecticut,2018,280535.4,274582.8
Delaware,2018,73376,70856.4
Florida,2018,1072085.6,1050433.8
Georgia,2018,612803.4,600934.7
Hawaii,2018,90933.5,88836.4
Idaho,2018,79072.4,77652.1
Illinois,2018,871024.2,851517.2
Indiana,2018,377376.9,368762.9
Iowa,2018,193155.1,189245.1
Kansas,2018,173373,169796.9
Kentucky,2018,210509.1,205940.1
Louisiana,2018,256444.4,245220.3
Maine,2018,66216,64806.3
Maryland,2018,410771.8,402480.9
Massachusetts,2018,559605,549262.1
Michigan,2018,525240.8,516843
Minnesota,2018,372439.2,364799.7
Mississippi,2018,113166.4,110174.8
Missouri,2018,320451.6,314182.4
Montana,2018,51152.1,49455
Nebraska,2018,127954.4,125543.4
Nevada,2018,172547.9,168638.5
New Hampshire,2018,83859.4,82269.5
New Jersey,2018,619340.2,606892.2
New Mexico,2018,98838.2,96077
New York,2018,1710665.6,1665186.8
North Carolina,2018,568037.3,556573.7
North Dakota,2018,60377.1,58516.4
Ohio,2018,672540.1,656212
Oklahoma,2018,204193.9,196030.5
Oregon,2018,238466.9,234308.3
Pennsylvania,2018,780620.7,763855.4
Rhode Island,2018,60064.9,58740.1
South Carolina,2018,236561.7,231663.3
South Dakota,2018,53349.5,51937.8
Tennessee,2018,369713.2,362363.7
Texas,2018,1808026.9,1746543.3
Utah,2018,186805.7,182106
Vermont,2018,33482.6,32827.8
Virginia,2018,537158.3,527767.5
Washington,2018,570337.8,561785.7
West Virginia,2018,79794.3,77406.5
Wisconsin,2018,335144.3,328832.4
Wyoming,2018,39614.5,37977.2
Alabama,2019,234798.2,225272.8
Alaska,2019,54549.6,52377.5
Arizona,2019,375376.7,359576.7
Arkansas,2019,132625.8,127220
California,2019,3068629.7,2969609
Colorado,2019,397843.6,383725.6
Connecticut,2019,286451.9,275225.4
Delaware,2019,78710.5,74627.8
Florida,2019,1133718,1084913.9
Georgia,2019,646695.8,620744.9
Hawaii,2019,93240.2,88855.2
Idaho,2019,84429.4,81144.3
Illinois,2019,895601.8,858018.3
Indiana,2019,384838.7,370507.2
Iowa,2019,196262.5,188471.4
Kansas,2019,176068.8,169562.3
Kentucky,2019,220678.8,211783.1
Louisiana,2019,257499,246674.4
Maine,2019,69708.7,66758.4
Maryland,2019,419391.6,402506.2
Massachusetts,2019,588069.5,566326.8
Michigan,2019,540237.3,521085.1
Minnesota,2019,384850.2,369617.4
Mississippi,2019,116135.7,111207.8
Missouri,2019,334750.2,321329.1
Montana,2019,52715.6,50263.5
Nebraska,2019,132848.2,127568.9
Nevada,2019,184611.1,176029.7
New Hampshire,2019,87868.2,84438.2
New Jersey,2019,643317.7,618691
New Mexico,2019,103821,100342.2
New York,2019,1787470.9,1704364.3
North Carolina,2019,592449.6,567975
North Dakota,2019,60892.5,59408.5
Ohio,2019,702914.8,674063.9
Oklahoma,2019,205992.7,200072.2
Oregon,2019,248781.8,239794.8
Pennsylvania,2019,802233.1,771852.5
Rhode Island,2019,62814.7,60157.6
South Carolina,2019,249575.7,239021.3
South Dakota,2019,55175.8,52510.2
Tennessee,2019,385833,370197.4
Texas,2019,1864872.3,1806736.1
Utah,2019,201312.2,192760.6
Vermont,2019,34760.3,33339.4
Virginia,2019,561701.8,541028
Washington,2019,608643.4,588794.4
West Virginia,2019,80242.4,77162.2
Wisconsin,2019,346906.6,333256.8
Wyoming,2019,40029.5,38577.1
Alabama,2020,235325.3,222288.8
Alaska,2020,51283.4,50332.8
Arizona,2020,388956.7,365027.7
Arkansas,2020,136198.4,128340.9
California,2020,3076755.1,2933320.2
Colorado,2020,396741.9,380188.8
Connecticut,2020,278029.4,260765.2
Delaware,2020,77520.3,72506.8
Florida,2020,1142004.4,1069758.8
Georgia,2020,640223.6,604745.9
Hawaii,2020,84885.8,79840.1
Idaho,2020,88099.3,82717.4
Illinois,2020,860672.8,810200.9
Indiana,2020,378633.6,359787.3
Iowa,2020,198609.6,186328.2
Kansas,2020,177209.6,168056.8
Kentucky,2020,218539.7,206049.6
Louisiana,2020,236216.3,228951.3
Maine,2020,72077.1,67410.9
Maryland,2020,413455.4,388782.8
Massachusetts,2020,592653,559765
Michigan,2020,529675.6,501893.8
Minnesota,2020,378746.6,357475.6
Mississippi,2020,116709.4,110322.8
Missouri,2020,335285.1,315332.6
Montana,2020,52958.8,49981.4
Nebraska,2020,135149.4,126734.9
Nevada,2020,176296.3,166077
New Hampshire,2020,88527.7,83152.6
New Jersey,2020,631552.3,597221.4
New Mexico,2020,100656.4,97622.4
New York,2020,1773369.8,1656784.8
North Carolina,2020,600683.3,564504.4
North Dakota,2020,55568.5,55850.6
Ohio,2020,692683.7,655243.3
Oklahoma,2020,192516.2,191560.9
Oregon,2020,251577.7,237424.2
Pennsylvania,2020,777000.8,736381.3
Rhode Island,2020,62124.9,58231.7
South Carolina,2020,249430.2,233650.1
South Dakota,2020,56254.4,52770.7
Tennessee,2020,391563.2,367863.6
Texas,2020,1802143.7,1773657.1
Utah,2020,205647.9,194750.2
Vermont,2020,34414.9,32252.7
Virginia,2020,565466.8,534532.3
Washington,2020,620132.9,589156.8
West Virginia,2020,77430.9,74553.8
Wisconsin,2020,343272.2,322470.6
Wyoming,2020,36709.6,36198.2
Alabama,2021,260018.4,233726.6
Alaska,2021,58943.5,51454.1
Arizona,2021,436778.6,395035.9
Arkansas,2021,154052.5,137463.6
California,2021,3423958.3,3154188.6
Colorado,2021,445835.7,406451.9
Connecticut,2021,296801.3,269838.7
Delaware,2021,83069.8,74657.1
Florida,2021,1298631.2,1170526.3
Georgia,2021,705546.7,643013.8
Hawaii,2021,93400.4,84408.5
Idaho,2021,99839.1,88969.6
Illinois,2021,946776.2,855888.1
Indiana,2021,425863.8,387122
Iowa,2021,223870.9,201147.1
Kansas,2021,191738.1,172782.4
Kentucky,2021,238428.9,215133.2
Louisiana,2021,267263.6,237839.2
Maine,2021,79193.9,71142.4
Maryland,2021,447753.6,406953.1
Massachusetts,2021,649511.4,595911.8
Michigan,2021,575116.4,530380.9
Minnesota,2021,416538.7,377947
Mississippi,2021,129944.7,115675.1
Missouri,2021,366441.5,331580.9
Montana,2021,60399.7,53303.7
Nebraska,2021,150836.1,134939.9
Nevada,2021,201705.7,182474.1
New Hampshire,2021,99092.6,89949.3
New Jersey,2021,695443.2,632463.3
New Mexico,2021,112978.5,100917.6
New York,2021,1923413.3,1736222.3
North Carolina,2021,662147.1,600217.3
North Dakota,2021,63838.5,56419.2
Ohio,2021,763595.8,690478.9
Oklahoma,2021,217786.5,194132.8
Oregon,2021,275653.1,250325.8
Pennsylvania,2021,844431.8,765508.8
Rhode Island,2021,67228.3,60803
South Carolina,2021,272384.7,245752.1
South Dakota,2021,62984.8,55515.9
Tennessee,2021,441952.5,400243.6
Texas,2021,2088972.3,1879101.3
Utah,2021,232561.9,210446.9
Vermont,2021,37438.8,33721.9
Virginia,2021,615984.7,565470.6
Washington,2021,687702.3,630051.5
West Virginia,2021,86550.5,75765.1
Wisconsin,2021,368880.4,334514
Wyoming,2021,42319.1,37131.8
Alabama,2022,284949.1,238556.5
Alaska,2022,66271.9,50767.1
Arizona,2022,484052.2,410228.4
Arkansas,2022,168605.8,139560.7
California,2022,3660415.7,3184007.8
Colorado,2022,494672.8,418818.8
Connecticut,2022,321686.4,278975.9
Delaware,2022,92558.2,77149.2
Florida,2022,1465281.1,1239883.6
Georgia,2022,779684,665678.1
Hawaii,2022,103153.1,86887.8
Idaho,2022,112290.1,92903.7
Illinois,2022,1040353.3,876536
Indiana,2022,473492.9,399280.8
Iowa,2022,242752.9,201580.4
Kansas,2022,212611.6,177470.1
Kentucky,2022,261540.7,219755.6
Louisiana,2022,298424.5,236854.1
Maine,2022,86493.3,73036.2
Maryland,2022,484907.6,416406.2
Massachusetts,2022,695612.1,608052.9
Michigan,2022,627009.1,543720.9
Minnesota,2022,454992.8,384727.7
Mississippi,2022,142762.3,116557.1
Missouri,2022,400265.1,339652.4
Montana,2022,68702,55193.9
Nebraska,2022,167480.2,139440.9
Nevada,2022,227320.6,190463.3
New Hampshire,2022,106488,91416.1
New Jersey,2022,758288.7,650235.8
New Mexico,2022,128138.8,103301.6
New York,2022,2052758.8,1765102.1
North Carolina,2022,728498.7,619537.2
North Dakota,2022,73780,55988
Ohio,2022,832660.7,695257.9
Oklahoma,2022,245976.2,193940.5
Oregon,2022,298848,256062.7
Pennsylvania,2022,919741.1,779360.6
Rhode Island,2022,72869.2,62279.4
South Carolina,2022,301945.1,254504.5
South Dakota,2022,69069.3,55259.8
Tennessee,2022,488670.1,414470.8
Texas,2022,2436925,1952708.6
Utah,2022,261080.8,217442.5
Vermont,2022,41011.6,34752.6
Virginia,2022,666681.8,580475.2
Washington,2022,742909.5,644075.1
West Virginia,2022,98290,77188
Wisconsin,2022,400621.4,339747.9
Wyoming,2022,49782.6,37827.2
Alabama,2023,304935.6,245354.7
Alaska,2023,68056,54059.7
Arizona,2023,522767.2,422399.6
Arkansas,2023,178606.4,142860.6
California,2023,3870378.9,3248656.6
Colorado,2023,529626.5,437056
Connecticut,2023,345911.9,286628.4
Delaware,2023,98068.7,78014.4
Florida,2023,1600810.6,1292787.6
Georgia,2023,831827.7,678201.2
Hawaii,2023,110265.4,88614.3
Idaho,2023,120958.3,95897.9
Illinois,2023,1098346.1,885651.3
Indiana,2023,499503.1,404290.3
Iowa,2023,254032,202051.4
Kansas,2023,228232.4,183795.6
Kentucky,2023,279707.5,224418
Louisiana,2023,314988.6,248615.5
Maine,2023,93270,75195.4
Maryland,2023,515607.3,422866.3
Massachusetts,2023,736296.3,615504.5
Michigan,2023,673818.1,554256.2
Minnesota,2023,483162.1,390907.9
Mississippi,2023,151146.7,119548.4
Missouri,2023,430114.4,348487.4
Montana,2023,73254.5,57373.3
Nebraska,2023,181285,145019.6
Nevada,2023,245978.8,195405.6
New Hampshire,2023,114100.8,93466.7
New Jersey,2023,806665.2,663888.5
New Mexico,2023,135009.6,110323.7
New York,2023,2172009.6,1791210.7
North Carolina,2023,788103.2,638067.3
North Dakota,2023,76043.3,60348.6
Ohio,2023,884834.2,709816.6
Oklahoma,2023,256689.4,207923.3
Oregon,2023,318884.1,261951.5
Pennsylvania,2023,976360.8,799228.8
Rhode Island,2023,77573.9,63277
South Carolina,2023,327420.1,262298.5
South Dakota,2023,74033.9,57275.1
Tennessee,2023,523031.6,422087.7
Texas,2023,2583866.2,2097090.4
Utah,2023,281329.1,225459.4
Vermont,2023,43533.8,35236.6
Virginia,2023,719896.9,597597.1
Washington,2023,807864.5,677238
West Virginia,2023,102151.8,80798.2
Wisconsin,2023,428447.1,344570.8
Wyoming,2023,51990.5,40210.8
